epoch,train_loss,test_loss,test_recon,test_kld
1,24.010786092122395,27.45795166492462,26.585805892944336,0.8721457719802856
2,23.84008160909017,27.874565482139587,26.408916473388672,1.4656490087509155
3,23.81594512261285,28.189486742019653,26.337783813476562,1.8517029285430908
4,23.824126335991753,28.198254346847534,26.325946807861328,1.872307538986206
5,23.849596661037868,28.0766863822937,26.311410903930664,1.765275478363037
6,23.877341559516058,27.98384952545166,26.301250457763672,1.6825990676879883
7,23.908565100775824,27.948699951171875,26.295625686645508,1.6530742645263672
8,23.937638170030382,27.902000427246094,26.278892517089844,1.62310791015625
9,23.966757420857746,27.859866619110107,26.245790481567383,1.6140761375427246
10,23.981615529378256,27.8698992729187,26.161060333251953,1.708838939666748
11,23.97921272447374,27.952354073524475,26.122446060180664,1.829908013343811
12,23.956564832899307,28.01772451400757,25.979412078857422,2.0383124351501465
13,23.90716702609592,28.097045421600342,25.83433723449707,2.2627081871032715
14,23.877987208048502,28.18171763420105,25.71571159362793,2.46600604057312
15,23.835485892401802,28.16279125213623,25.602108001708984,2.560683250427246
16,23.847402184380424,28.06183171272278,25.545249938964844,2.5165817737579346
17,23.838529878404405,27.909065008163452,25.511594772338867,2.397470235824585
18,23.85626695590549,27.829976558685303,25.46988868713379,2.3600878715515137
19,23.8755454627143,27.767690658569336,25.438852310180664,2.328838348388672
20,23.917425793117946,27.70884108543396,25.43142318725586,2.2774178981781006
21,23.94854103088379,27.651509046554565,25.43000030517578,2.221508741378784
22,23.980668804592558,27.593803882598877,25.42575454711914,2.1680493354797363
23,24.032048868815103,27.560484409332275,25.386598587036133,2.1738858222961426
24,24.080044274224175,27.578033685684204,25.414274215698242,2.163759469985962
25,24.11864574347602,27.47812509536743,25.350528717041016,2.127596378326416
26,24.170054172092012,27.54942035675049,25.403669357299805,2.1457509994506836
27,24.22057671101888,27.47937798500061,25.40607261657715,2.073305368423462
28,24.277102656046548,27.46024441719055,25.341806411743164,2.1184380054473877
29,24.33990438164605,27.433652877807617,25.32103157043457,2.112621307373047
30,24.403410347832573,27.44463348388672,25.343339920043945,2.1012935638427734
31,24.45502773030599,27.430007934570312,25.35160255432129,2.0784053802490234
32,24.53075648328993,27.374828338623047,25.302330017089844,2.072498321533203
33,24.597125222100154,27.42262029647827,25.332107543945312,2.090512752532959
34,24.662596303304035,27.441494464874268,25.397708892822266,2.043785572052002
35,24.74445223490397,27.398364543914795,25.32573890686035,2.0726256370544434
36,24.831335832383896,27.36262083053589,25.32516860961914,2.037452220916748
37,24.893903815375435,27.33474564552307,25.318883895874023,2.015861749649048
38,24.956937644110784,27.384220838546753,25.43095588684082,1.9532649517059326
39,25.04724356418186,27.346585512161255,25.330387115478516,2.0161983966827393
40,25.12674975077311,27.325934648513794,25.35227394104004,1.9736607074737549
41,25.22296575419108,27.272035598754883,25.282821655273438,1.9892139434814453
42,25.312065068562827,27.29457437992096,25.34490203857422,1.9496723413467407
43,25.420529864841036,27.342938899993896,25.34056854248047,2.0023703575134277
44,25.50316116841634,27.277199149131775,25.339677810668945,1.9375213384628296
45,25.60783280097114,27.328746438026428,25.418527603149414,1.9102188348770142
46,25.720874940660266,27.272923707962036,25.329627990722656,1.9432957172393799
47,25.821251573350693,27.318338751792908,25.397920608520508,1.9204181432724
48,25.94663661702474,27.30660104751587,25.380352020263672,1.9262490272521973
49,26.04305335828993,27.274008631706238,25.407268524169922,1.866740107536316
50,26.203567403157553,27.27168571949005,25.36664581298828,1.90503990650177
51,26.19781866455078,27.18843185901642,25.343002319335938,1.845429539680481
52,26.22633299424913,27.221381783485413,25.348844528198242,1.8725372552871704
53,26.23550862121582,27.166494488716125,25.34050750732422,1.8259869813919067
54,26.255062538994682,27.188503742218018,25.37355613708496,1.8149476051330566
55,26.26461870151096,27.16428315639496,25.303993225097656,1.8602899312973022
56,26.285458519829643,27.155553460121155,25.30250358581543,1.853049874305725
57,26.302667192247178,27.151346683502197,25.306900024414062,1.8444466590881348
58,26.308195710923936,27.24707531929016,25.415943145751953,1.831132173538208
59,26.343124699910483,27.207045316696167,25.385021209716797,1.8220241069793701
60,26.361980465359157,27.143674731254578,25.33091163635254,1.8127630949020386
61,26.35550846693251,27.1466383934021,25.369571685791016,1.777066707611084
62,26.369575763278537,27.175646662712097,25.40843391418457,1.7672127485275269
63,26.40052424621582,27.109550714492798,25.33771514892578,1.7718355655670166
64,26.415689819335938,27.151634216308594,25.395889282226562,1.7557449340820312
65,26.415149943033853,27.105539321899414,25.376277923583984,1.7292613983154297
66,26.449977700127494,27.082104206085205,25.334762573242188,1.7473416328430176
67,26.4695737508138,27.066067934036255,25.323537826538086,1.742530107498169
68,26.455601365831164,27.02497899532318,25.28461265563965,1.7403663396835327
69,26.47447277153863,27.093146920204163,25.369064331054688,1.724082589149475
70,26.523520487467447,27.24575901031494,25.50257682800293,1.7431821823120117
71,26.499333390977647,27.14759910106659,25.427871704101562,1.7197273969650269
72,26.54462930636936,27.05362582206726,25.3060302734375,1.7475955486297607
73,26.540595748901367,27.099660992622375,25.415618896484375,1.6840420961380005
74,26.592000242445202,27.099211812019348,25.39331817626953,1.705893635749817
75,26.586554477267796,27.10950803756714,25.411067962646484,1.6984400749206543
76,26.613449295043946,27.127359628677368,25.431669235229492,1.695690393447876
77,26.602049472384984,27.041804313659668,25.401365280151367,1.6404390335083008
78,26.638032604641385,27.079681515693665,25.378929138183594,1.7007523775100708
79,26.677563464694554,27.133307933807373,25.465774536132812,1.6675333976745605
80,26.66521588982476,27.093386054039,25.433372497558594,1.6600135564804077
81,26.68548728773329,26.996686458587646,25.346921920776367,1.6497645378112793
82,26.689471445719402,27.181320548057556,25.552993774414062,1.6283267736434937
83,26.727818249172635,27.13135814666748,25.525310516357422,1.6060476303100586
84,26.74680391099718,26.9807186126709,25.3305606842041,1.6501579284667969
85,26.727132486979166,27.007036328315735,25.380840301513672,1.626196026802063
86,26.748766977945962,27.12535560131073,25.500642776489258,1.6247128248214722
87,26.748315668741864,27.135161519050598,25.564876556396484,1.5702849626541138
88,26.77635666571723,27.058863759040833,25.46607208251953,1.5927916765213013
89,26.8105007425944,27.038105964660645,25.44064712524414,1.597458839416504
90,26.807503784179687,27.03859829902649,25.49171257019043,1.5468857288360596
91,26.840542860243055,27.024882555007935,25.425399780273438,1.599482774734497
92,26.82999230617947,27.089860200881958,25.547157287597656,1.5427029132843018
93,26.87808449130588,27.013665199279785,25.465776443481445,1.5478887557983398
94,26.907530181884766,27.016112565994263,25.467390060424805,1.548722505569458
95,26.89174863518609,27.113353967666626,25.628278732299805,1.4850752353668213
96,26.93839195760091,27.04781138896942,25.50989532470703,1.5379160642623901
97,26.925681062486436,27.170917630195618,25.680566787719727,1.4903508424758911
98,26.94557388305664,27.130547285079956,25.63800621032715,1.4925410747528076
99,26.976021965874565,27.00074589252472,25.505474090576172,1.4952718019485474
100,26.98321300591363,27.094636917114258,25.604389190673828,1.4902477264404297
101,26.95731431749132,27.02865970134735,25.570293426513672,1.4583662748336792
102,26.96191326904297,27.057289361953735,25.61578941345215,1.441499948501587
103,26.97691948106554,27.049271941184998,25.55917739868164,1.490094542503357
104,26.97474557156033,26.962496638298035,25.488332748413086,1.4741638898849487
105,26.963299245198566,27.02889907360077,25.569990158081055,1.4589089155197144
106,26.959446463690863,27.00381290912628,25.48609161376953,1.5177212953567505
107,26.97134112379286,26.939792275428772,25.43244171142578,1.5073505640029907
108,26.970016087849935,27.10153090953827,25.55593490600586,1.5455960035324097
109,26.95625537109375,27.024752378463745,25.497024536132812,1.5277278423309326
110,26.92205347527398,27.054389238357544,25.568675994873047,1.485713243484497
111,26.93832165866428,27.08382534980774,25.572525024414062,1.5113003253936768
112,26.930764707777236,26.920421719551086,25.422832489013672,1.4975892305374146
113,26.920373430040147,27.05311930179596,25.579015731811523,1.474103569984436
114,26.95197846306695,27.055811166763306,25.54648208618164,1.509329080581665
115,26.915257676866318,27.008777260780334,25.520017623901367,1.4887596368789673
116,26.93411632792155,26.944661736488342,25.449735641479492,1.49492609500885
117,26.923885640462238,27.036275386810303,25.502262115478516,1.534013271331787
118,26.940516201443142,26.96187663078308,25.42357635498047,1.5383002758026123
119,26.95078066507975,26.945000886917114,25.450210571289062,1.4947903156280518
120,26.911199010213217,26.961670756340027,25.40524673461914,1.5564240217208862
121,26.921652803209092,26.943308472633362,25.3680419921875,1.5752664804458618
122,26.928273213704426,26.964011669158936,25.416364669799805,1.5476469993591309
123,26.908184392293293,26.98101282119751,25.4242000579834,1.5568127632141113
124,26.90676597425673,26.974281549453735,25.388431549072266,1.5858500003814697
125,26.95041895887587,27.053762912750244,25.475770950317383,1.5779919624328613
126,26.886776039971245,27.063108563423157,25.51108741760254,1.5520211458206177
127,26.901565641615125,27.04709005355835,25.455114364624023,1.5919756889343262
128,26.912393007066516,26.97420883178711,25.407058715820312,1.5671501159667969
129,26.90511163330078,27.00495219230652,25.439157485961914,1.5657947063446045
130,26.877517513699,26.9204523563385,25.3596134185791,1.5608389377593994
131,26.869096991644966,27.021828532218933,25.4964656829834,1.5253628492355347
132,26.903204611884224,27.01324737071991,25.440643310546875,1.5726040601730347
133,26.904170301649305,26.9840989112854,25.383333206176758,1.6007657051086426
134,26.876065989176432,26.924433827400208,25.37026023864746,1.5541735887527466
135,26.91627705891927,26.98182964324951,25.379289627075195,1.6025400161743164
136,26.888901977539064,26.961183428764343,25.373258590698242,1.587924838066101
137,26.890160934448243,26.92198610305786,25.35332489013672,1.5686612129211426
138,26.847672286987304,27.01889955997467,25.438631057739258,1.5802685022354126
139,26.86335576883952,26.922976970672607,25.340482711791992,1.5824942588806152
140,26.861619513617622,26.964468240737915,25.36749267578125,1.596975564956665
141,26.88889796447754,26.8777939081192,25.25860023498535,1.61919367313385
142,26.861221937391495,26.942936778068542,25.384624481201172,1.5583122968673706
143,26.832670601738823,27.012838125228882,25.423036575317383,1.589801549911499
144,26.89080972290039,26.911502957344055,25.241071701049805,1.6704312562942505
145,26.881209959242078,26.99571430683136,25.38884925842285,1.6068650484085083
146,26.84558490837945,26.898285150527954,25.26995277404785,1.6283323764801025
147,26.86381943935818,26.9916752576828,25.389896392822266,1.6017788648605347
148,26.859960851033527,26.90329122543335,25.298912048339844,1.6043791770935059
149,26.846810355292426,26.989951848983765,25.41920280456543,1.570749044418335
150,26.88779776679145,26.913286685943604,25.273794174194336,1.6394925117492676
151,26.847914611816407,26.951915740966797,25.349836349487305,1.6020793914794922
152,26.846979109022353,26.994146704673767,25.38370132446289,1.6104453802108765
153,26.845073201497396,26.94480323791504,25.297988891601562,1.6468143463134766
154,26.86017211066352,26.938771724700928,25.291288375854492,1.6474833488464355
155,26.838695153130427,26.93281400203705,25.279939651489258,1.6528743505477905
156,26.841619539048935,26.962043404579163,25.28472328186035,1.677320122718811
157,26.850860444810657,26.96133530139923,25.274118423461914,1.687216877937317
158,26.84190057881673,26.92990803718567,25.274133682250977,1.6557743549346924
159,26.8292796681722,26.848641633987427,25.206836700439453,1.6418049335479736
160,26.8690552927653,26.882108449935913,25.150156021118164,1.731952428817749
161,26.862130716959637,26.856797695159912,25.194223403930664,1.662574291229248
162,26.836011540730794,26.861154556274414,25.162269592285156,1.6988849639892578
163,26.835089279174806,26.835320949554443,25.129240036010742,1.7060809135437012
164,26.845257646348742,26.82606279850006,25.124116897583008,1.7019459009170532
165,26.81984467739529,26.857627391815186,25.179365158081055,1.6782622337341309
166,26.81432327609592,26.910775423049927,25.206340789794922,1.7044346332550049
167,26.81259288872613,26.817628741264343,25.126995086669922,1.6906336545944214
168,26.822380313449436,26.846036314964294,25.130958557128906,1.7150777578353882
169,26.793807300143772,26.879045844078064,25.226058959960938,1.6529868841171265
170,26.820127036200628,26.88256859779358,25.138626098632812,1.7439424991607666
171,26.817154876708983,26.889228343963623,25.160564422607422,1.7286639213562012
172,26.801676579793295,26.88183069229126,25.169767379760742,1.7120633125305176
173,26.802456420898437,26.859150648117065,25.133344650268555,1.7258059978485107
174,26.776628497653537,26.914052367210388,25.213899612426758,1.7001527547836304
175,26.790357282850476,26.907699584960938,25.188657760620117,1.7190418243408203
176,26.79477907816569,26.815791368484497,25.065988540649414,1.749802827835083
177,26.80659150526259,26.810711979866028,25.085098266601562,1.7256137132644653
178,26.790437562730578,26.933998227119446,25.154605865478516,1.7793923616409302
179,26.779165244208443,26.86288821697235,25.095855712890625,1.767032504081726
180,26.77469490729438,26.906856060028076,25.204885482788086,1.7019705772399902
181,26.791308517456056,26.885507464408875,25.138525009155273,1.746982455253601
182,26.789841895209417,26.859973073005676,25.139598846435547,1.7203742265701294
183,26.765859790378148,26.843117356300354,25.065277099609375,1.777840256690979
184,26.791442910088435,26.898261666297913,25.123653411865234,1.7746082544326782
185,26.78959430779351,26.92043101787567,25.13075828552246,1.7896727323532104
186,26.7659912431505,26.855167031288147,25.067968368530273,1.7871986627578735
187,26.76173880683051,26.824798703193665,25.09428596496582,1.7305127382278442
188,26.76348405456543,26.8441481590271,25.05773162841797,1.7864165306091309
189,26.772174865722658,26.90301203727722,25.134750366210938,1.7682616710662842
190,26.735086915757922,26.842116713523865,25.053071975708008,1.789044737815857
191,26.76414183383518,26.7756108045578,24.990150451660156,1.785460352897644
192,26.756005601671006,26.725852131843567,24.929080963134766,1.7967711687088013
193,26.766759809705945,26.772278428077698,24.942060470581055,1.830217957496643
194,26.73548334418403,26.83217966556549,25.027793884277344,1.804385781288147
195,26.751841081407335,26.822842836380005,24.97416114807129,1.8486816883087158
196,26.758404554578995,26.869450330734253,25.07921028137207,1.7902400493621826
197,26.73658580186632,26.76267170906067,24.949560165405273,1.8131115436553955
198,26.71213732740614,26.791905403137207,24.973966598510742,1.8179388046264648
199,26.73203540886773,26.888837933540344,25.02098846435547,1.8678494691848755
200,26.725376369900175,26.83756923675537,24.979137420654297,1.8584318161010742
201,26.723216179741755,26.875665545463562,25.050004959106445,1.8256605863571167
202,26.737128055148656,26.79479229450226,24.938417434692383,1.8563748598098755
203,26.74513410780165,26.812766432762146,24.961767196655273,1.8509992361068726
204,26.714429056803386,26.78973376750946,24.94194221496582,1.8477915525436401
205,26.711579895019533,26.81865096092224,24.958703994750977,1.8599469661712646
206,26.736832126193576,26.734141945838928,24.871816635131836,1.8623253107070923
207,26.733837378607856,26.825593948364258,24.960838317871094,1.864755630493164
208,26.73071583896213,26.754502177238464,24.88294219970703,1.871559977531433
209,26.688228340996638,26.791982054710388,24.912256240844727,1.8797258138656616
210,26.706042892456054,26.82955002784729,24.956911087036133,1.8726389408111572
211,26.714369635687934,26.732247710227966,24.863243103027344,1.8690046072006226
212,26.724607330322264,26.795491456985474,24.85871124267578,1.9367802143096924
213,26.712832811143663,26.878475189208984,24.942575454711914,1.9358997344970703
214,26.703447291056314,26.68912637233734,24.7653865814209,1.9237397909164429
215,26.687791056315103,26.602625131607056,24.693771362304688,1.9088537693023682
216,26.686636522081162,26.710630774497986,24.795286178588867,1.9153445959091187
217,26.692127078586154,26.82333993911743,24.903457641601562,1.9198822975158691
218,26.7102551574707,26.821502208709717,24.899621963500977,1.9218802452087402
219,26.660267174614802,26.67268943786621,24.74580192565918,1.9268875122070312
220,26.673720024956598,26.755765438079834,24.793827056884766,1.9619383811950684
221,26.679780582004124,26.82153856754303,24.926517486572266,1.8950210809707642
222,26.69421476406521,26.707849860191345,24.75815773010254,1.9496921300888062
223,26.679271562364367,26.831158876419067,24.946622848510742,1.8845360279083252
224,26.681091362847223,26.81760311126709,24.82847023010254,1.9891328811645508
225,26.67306282043457,26.795637369155884,24.862619400024414,1.9330179691314697
226,26.654378667195637,26.75967264175415,24.80830192565918,1.9513707160949707
227,26.66610570949978,26.78941822052002,24.855154037475586,1.9342641830444336
228,26.64548050265842,26.681069254875183,24.71222686767578,1.9688423871994019
229,26.63453727722168,26.718267560005188,24.799251556396484,1.9190160036087036
230,26.66480409918891,26.765706539154053,24.791563034057617,1.9741435050964355
231,26.64162850104438,26.68909251689911,24.709548950195312,1.9795435667037964
232,26.6630817243788,26.704364776611328,24.687047958374023,2.0173168182373047
233,26.636726338704428,26.730058670043945,24.744884490966797,1.9851741790771484
234,26.632136067708334,26.65939426422119,24.67136001586914,1.9880342483520508
235,26.631681323581272,26.759703040122986,24.79941177368164,1.9602912664413452
236,26.64595681423611,26.691261291503906,24.683837890625,2.0074234008789062
237,26.632409386528863,26.74033784866333,24.74148178100586,1.9988560676574707
238,26.631509626600476,26.774449706077576,24.798786163330078,1.9756635427474976
239,26.632711451212565,26.744001626968384,24.703510284423828,2.0404913425445557
240,26.62636821831597,26.75070071220398,24.747962951660156,2.0027377605438232
241,26.644451926337346,26.746482372283936,24.721466064453125,2.0250163078308105
242,26.61740318467882,26.73629927635193,24.695266723632812,2.041032552719116
243,26.61383228217231,26.618370532989502,24.568771362304688,2.0495991706848145
244,26.610280144585502,26.612367868423462,24.595849990844727,2.0165178775787354
245,26.59397839864095,26.5974018573761,24.529743194580078,2.0676586627960205
246,26.594907594468857,26.678480863571167,24.670360565185547,2.00812029838562
247,26.600933049519856,26.74876856803894,24.707548141479492,2.0412204265594482
248,26.59728749762641,26.69863533973694,24.66158676147461,2.037048578262329
249,26.63018915303548,26.616464614868164,24.51006317138672,2.1064014434814453
250,26.60197161187066,26.664361000061035,24.648969650268555,2.0153913497924805
251,26.563102008395724,26.664701223373413,24.626110076904297,2.038591146469116
252,26.59526171366374,26.662627696990967,24.597896575927734,2.0647311210632324
253,26.608661712646484,26.72760581970215,24.672212600708008,2.0553932189941406
254,26.59605008951823,26.557631969451904,24.48048973083496,2.0771422386169434
255,26.593213250054255,26.62375569343567,24.551742553710938,2.0720131397247314
256,26.58971462673611,26.691707611083984,24.60785675048828,2.083850860595703
257,26.58814119635688,26.658443689346313,24.551660537719727,2.106783151626587
258,26.59384853447808,26.67570185661316,24.628381729125977,2.0473201274871826
259,26.563484420776366,26.730406284332275,24.688087463378906,2.042318820953369
260,26.59938247850206,26.618909120559692,24.495725631713867,2.123183488845825
261,26.59802858988444,26.67634105682373,24.585819244384766,2.090521812438965
262,26.583803515964085,26.69406247138977,24.61284065246582,2.08122181892395
263,26.6032082417806,26.66527223587036,24.553754806518555,2.1115174293518066
264,26.568940117730033,26.697968244552612,24.61366844177246,2.0842998027801514
265,26.59448833211263,26.661426782608032,24.50752067565918,2.1539061069488525
266,26.574864586724175,26.699069023132324,24.55127716064453,2.147791862487793
267,26.564130686442056,26.615203619003296,24.468603134155273,2.1466004848480225
268,26.540084579467774,26.681065559387207,24.58687400817871,2.094191551208496
269,26.520992438422308,26.7530734539032,24.62844467163086,2.124628782272339
270,26.571454701741537,26.674936532974243,24.588857650756836,2.0860788822174072
271,26.575327709621853,26.539559841156006,24.367427825927734,2.1721320152282715
272,26.54845824008518,26.673840761184692,24.55672836303711,2.117112398147583
273,26.561685338338215,26.648415327072144,24.490102767944336,2.1583125591278076
274,26.53676736111111,26.688442945480347,24.520069122314453,2.1683738231658936
275,26.57617263624403,26.605835437774658,24.46877670288086,2.137058734893799
276,26.563140923394098,26.588003873825073,24.448251724243164,2.139752149581909
277,26.531925369262694,26.668463706970215,24.50967025756836,2.1587934494018555
278,26.56887635125054,26.581549882888794,24.417240142822266,2.1643097400665283
279,26.552900789048937,26.614936590194702,24.485193252563477,2.1297433376312256
280,26.512034352620443,26.590149641036987,24.507661819458008,2.0824878215789795
281,26.566184733072916,26.642452239990234,24.459087371826172,2.1833648681640625
282,26.556889439900715,26.60340929031372,24.45985221862793,2.143557071685791
283,26.521730768839518,26.55644965171814,24.443105697631836,2.1133439540863037
284,26.555474529690212,26.50571298599243,24.278121948242188,2.227591037750244
285,26.525358369615343,26.78351593017578,24.64169692993164,2.1418190002441406
286,26.52655648973253,26.626111030578613,24.436931610107422,2.1891794204711914
287,26.529271107991537,26.595226287841797,24.433305740356445,2.1619205474853516
288,26.530018961588542,26.469604015350342,24.282453536987305,2.187150478363037
289,26.482149052937825,26.61171841621399,24.40152359008789,2.2101948261260986
290,26.5161414642334,26.58766269683838,24.415328979492188,2.1723337173461914
291,26.506370308770073,26.497642517089844,24.300241470336914,2.1974010467529297
292,26.509189590454103,26.614185094833374,24.382694244384766,2.2314908504486084
293,26.518055772569443,26.604501724243164,24.419713973999023,2.1847877502441406
294,26.51776958211263,26.56029772758484,24.3637752532959,2.1965224742889404
295,26.508995761447483,26.538367986679077,24.33049774169922,2.2078702449798584
296,26.503342937893336,26.602863788604736,24.35536766052246,2.2474961280822754
297,26.512126339382597,26.510993719100952,24.259172439575195,2.251821279525757
298,26.48518012661404,26.5460364818573,24.367403030395508,2.178633451461792
299,26.525229546440972,26.536771297454834,24.310739517211914,2.22603178024292
300,26.48837771267361,26.600393533706665,24.46560287475586,2.1347906589508057
301,26.49107698059082,26.41787075996399,24.154394149780273,2.263476610183716
302,26.5029549407959,26.46660017967224,24.228673934936523,2.2379262447357178
303,26.481834223429363,26.482446670532227,24.239898681640625,2.2425479888916016
304,26.462824849446616,26.50109362602234,24.230993270874023,2.2701003551483154
305,26.511693367852104,26.53229308128357,24.259111404418945,2.273181676864624
306,26.48902961900499,26.608455181121826,24.417476654052734,2.190978527069092
307,26.44397939385308,26.526562452316284,24.324708938598633,2.2018535137176514
308,26.46924577331543,26.46713614463806,24.206832885742188,2.260303258895874
309,26.49626866997613,26.4698703289032,24.189916610717773,2.279953718185425
310,26.46450272962782,26.583882808685303,24.362918853759766,2.220963954925537
311,26.495009318033855,26.54885983467102,24.22134017944336,2.327519655227661
312,26.4718993818495,26.541114330291748,24.289138793945312,2.2519755363464355
313,26.445242063734266,26.551387310028076,24.349817276000977,2.2015700340270996
314,26.479389270358617,26.470597743988037,24.20604133605957,2.264556407928467
315,26.49002165052626,26.47145700454712,24.131067276000977,2.3403897285461426
316,26.43421970791287,26.588934898376465,24.341907501220703,2.2470273971557617
317,26.43506049431695,26.53421378135681,24.230236053466797,2.3039777278900146
318,26.45635150655111,26.45343828201294,24.11436653137207,2.339071750640869
319,26.444345328436956,26.483757972717285,24.197782516479492,2.285975456237793
320,26.46122957526313,26.452552318572998,24.156173706054688,2.2963786125183105
321,26.44661872355143,26.427335262298584,24.135164260864258,2.292171001434326
322,26.42093187967936,26.471550464630127,24.157777786254883,2.313772678375244
323,26.426808620876738,26.505596160888672,24.221988677978516,2.2836074829101562
324,26.43502545674642,26.506869316101074,24.21966552734375,2.287203788757324
325,26.469642011854383,26.579416275024414,24.302297592163086,2.277118682861328
326,26.42658117336697,26.577314853668213,24.327396392822266,2.2499184608459473
327,26.442491758558486,26.47518563270569,24.176532745361328,2.2986528873443604
328,26.44751015218099,26.5345618724823,24.158191680908203,2.3763701915740967
329,26.4317741800944,26.54855251312256,24.23088264465332,2.3176698684692383
330,26.418157236735027,26.48450756072998,24.1655216217041,2.318985939025879
331,26.419008511013455,26.544870615005493,24.245126724243164,2.299743890762329
332,26.436329332139756,26.568815231323242,24.205167770385742,2.3636474609375
333,26.446009889390734,26.536306381225586,24.221773147583008,2.314533233642578
334,26.438924134996203,26.587438106536865,24.225114822387695,2.36232328414917
335,26.420544279310437,26.479321718215942,24.162139892578125,2.3171818256378174
336,26.415789840698242,26.52491044998169,24.215484619140625,2.3094258308410645
337,26.432625301784938,26.476264715194702,24.107040405273438,2.3692243099212646
338,26.409747563680014,26.599911212921143,24.289466857910156,2.3104443550109863
339,26.37764806959364,26.46637487411499,24.11508560180664,2.3512892723083496
340,26.43198942905002,26.49985957145691,24.15822410583496,2.3416354656219482
341,26.416057590060763,26.398140907287598,24.023223876953125,2.3749170303344727
342,26.42487316385905,26.45719313621521,24.125822067260742,2.3313710689544678
343,26.41980305480957,26.491742372512817,24.11730194091797,2.3744404315948486
344,26.40457025994195,26.42149829864502,24.060232162475586,2.3612661361694336
345,26.399105879041883,26.442060232162476,24.042781829833984,2.399278402328491
346,26.395910954793294,26.43255639076233,24.13631820678711,2.2962381839752197
347,26.390492143419053,26.402311325073242,24.0174503326416,2.3848609924316406
348,26.386061665852864,26.543312311172485,24.156471252441406,2.386841058731079
349,26.390519905938042,26.407105207443237,24.07926368713379,2.3278415203094482
350,26.383970194498698,26.361634492874146,23.9497013092041,2.411933183670044
351,26.378823415120443,26.358176946640015,23.9876651763916,2.370511770248413
352,26.419702777438694,26.403921842575073,24.055313110351562,2.3486087322235107
353,26.43545172627767,26.43422269821167,24.00199317932129,2.432229518890381
354,26.378274068196614,26.469191312789917,24.053016662597656,2.4161746501922607
355,26.388094736735027,26.512779235839844,24.115489959716797,2.397289276123047
356,26.342009838528103,26.530757188796997,24.16061019897461,2.3701469898223877
357,26.36625927564833,26.390495538711548,24.023048400878906,2.3674471378326416
358,26.373261099921333,26.423190593719482,23.9998779296875,2.4233126640319824
359,26.390434117635092,26.532768964767456,24.130313873291016,2.4024550914764404
360,26.38306826104058,26.500911951065063,24.08903694152832,2.411875009536743
361,26.355048655192057,26.52480387687683,24.177188873291016,2.3476150035858154
362,26.365857676188153,26.404409170150757,23.955835342407227,2.4485738277435303
363,26.370372517903647,26.45074439048767,24.00255584716797,2.448188543319702
364,26.367780595567492,26.326496839523315,23.940513610839844,2.3859832286834717
365,26.36361137559679,26.38025712966919,24.013731002807617,2.3665261268615723
366,26.35901360405816,26.41874051094055,23.987049102783203,2.4316914081573486
367,26.353805152045357,26.42207169532776,23.99986457824707,2.4222071170806885
368,26.36455512152778,26.4053053855896,23.94028663635254,2.4650187492370605
369,26.367263556586373,26.454720497131348,24.051183700561523,2.403536796569824
370,26.383053193834094,26.473328590393066,24.036540985107422,2.4367876052856445
371,26.383761705186632,26.47146463394165,24.022289276123047,2.4491753578186035
372,26.3220490943061,26.399760007858276,23.96668815612793,2.4330718517303467
373,26.36009970940484,26.352142333984375,23.903066635131836,2.449075698852539
374,26.346259675767687,26.3674578666687,23.913230895996094,2.4542269706726074
375,26.32985826280382,26.431085109710693,24.007646560668945,2.423438549041748
376,26.356367101033527,26.4501211643219,23.977310180664062,2.472810983657837
377,26.320290318806965,26.365580558776855,23.93361473083496,2.4319658279418945
378,26.33359210035536,26.47427725791931,24.011371612548828,2.4629056453704834
379,26.320300198025173,26.305061101913452,23.89686393737793,2.4081971645355225
380,26.336443961249458,26.42797827720642,24.02705192565918,2.400926351547241
381,26.32921726820204,26.2503023147583,23.82611083984375,2.424191474914551
382,26.341929762098523,26.443041563034058,24.03032684326172,2.412714719772339
383,26.33086255900065,26.443638801574707,23.967266082763672,2.476372718811035
384,26.344134658813477,26.385889530181885,23.885648727416992,2.5002408027648926
385,26.336774183485243,26.432575464248657,23.992103576660156,2.440471887588501
386,26.37877281358507,26.36982226371765,23.86203956604004,2.5077826976776123
387,26.311409427218965,26.429784774780273,23.95698356628418,2.4728012084960938
388,26.374104471842447,26.389110326766968,23.86804962158203,2.5210607051849365
389,26.356857528686522,26.318673133850098,23.82625389099121,2.4924192428588867
390,26.328397130330405,26.357046127319336,23.87177276611328,2.4852733612060547
391,26.327395765516492,26.357778787612915,23.777732849121094,2.5800459384918213
392,26.316928922865127,26.39863681793213,23.873254776000977,2.5253820419311523
393,26.32739446343316,26.37287664413452,23.87266731262207,2.500209331512451
394,26.337261406792535,26.447835445404053,23.943979263305664,2.5038561820983887
395,26.30382777404785,26.44610357284546,23.962543487548828,2.483560085296631
396,26.32268655734592,26.367286920547485,23.870962142944336,2.4963247776031494
397,26.299718570285375,26.412874460220337,23.875761032104492,2.5371134281158447
398,26.295692145453557,26.315738916397095,23.818138122558594,2.497600793838501
399,26.30801466539171,26.22421908378601,23.691326141357422,2.532892942428589
400,26.30034337700738,26.36109471321106,23.84235191345215,2.518742799758911
401,26.326033315022787,26.331300497055054,23.80271339416504,2.5285871028900146
402,26.29707406616211,26.284459352493286,23.74929428100586,2.5351650714874268
403,26.276967797173395,26.22320556640625,23.69348907470703,2.5297164916992188
404,26.29942021009657,26.267733812332153,23.755279541015625,2.5124542713165283
405,26.30102323235406,26.365115642547607,23.80887222290039,2.556243419647217
406,26.29384708489312,26.348432302474976,23.749385833740234,2.599046468734741
407,26.291142383151584,26.255908966064453,23.738922119140625,2.516986846923828
408,26.28750062221951,26.508692741394043,24.00741958618164,2.5012731552124023
409,26.2739544406467,26.365612506866455,23.827314376831055,2.5382981300354004
410,26.290553968641493,26.298943042755127,23.72654151916504,2.572401523590088
411,26.331224314371745,26.373924493789673,23.815446853637695,2.5584776401519775
412,26.298377414279514,26.340851545333862,23.795839309692383,2.5450122356414795
413,26.274390080769855,26.373446226119995,23.837175369262695,2.5362708568573
414,26.278657207912868,26.26138162612915,23.684497833251953,2.5768837928771973
415,26.27621432325575,26.41424036026001,23.83774185180664,2.576498508453369
416,26.286449395073785,26.37324047088623,23.79249382019043,2.580746650695801
417,26.26498472934299,26.32938861846924,23.788522720336914,2.540865898132324
418,26.273732506646052,26.345088958740234,23.749103546142578,2.5959854125976562
419,26.26017823621962,26.262401819229126,23.70103645324707,2.5613653659820557
420,26.297711820814346,26.412728309631348,23.876882553100586,2.5358457565307617
421,26.273714703030056,26.33872389793396,23.80130386352539,2.5374200344085693
422,26.245631235758463,26.27174472808838,23.69042205810547,2.58132266998291
423,26.28570479159885,26.374320030212402,23.76024627685547,2.6140737533569336
424,26.278968890719945,26.366135358810425,23.787290573120117,2.5788447856903076
425,26.28754109870063,26.30865240097046,23.76406478881836,2.5445876121520996
426,26.296024373372397,26.306817531585693,23.72840690612793,2.5784106254577637
427,26.275362360636393,26.33181881904602,23.71819496154785,2.613623857498169
428,26.248620076497396,26.249369382858276,23.70888328552246,2.5404860973358154
429,26.23130901590983,26.334857940673828,23.743141174316406,2.591716766357422
430,26.235529754638673,26.332684993743896,23.74446678161621,2.5882182121276855
431,26.233040707058375,26.291014432907104,23.747997283935547,2.5430171489715576
432,26.251729497273764,26.214719772338867,23.655439376831055,2.5592803955078125
433,26.234131540934246,26.21918487548828,23.60529899597168,2.6138858795166016
434,26.26694046359592,26.195940732955933,23.548757553100586,2.6471831798553467
435,26.24780470106337,26.211746215820312,23.577119827270508,2.6346263885498047
436,26.25093145073785,26.3858585357666,23.83001708984375,2.5558414459228516
437,26.272666493733723,26.31647491455078,23.671438217163086,2.6450366973876953
438,26.254536851671006,26.338956594467163,23.74657440185547,2.5923821926116943
439,26.288234956529404,26.28841233253479,23.6685791015625,2.61983323097229
440,26.233355858696832,26.26523733139038,23.693763732910156,2.5714735984802246
441,26.263930216471355,26.28129816055298,23.663408279418945,2.617889881134033
442,26.24965478685167,26.363723278045654,23.709821701049805,2.6539015769958496
443,26.230028762817383,26.303793907165527,23.709911346435547,2.5938825607299805
444,26.2556128777398,26.220468044281006,23.617223739624023,2.6032443046569824
445,26.234441382514106,26.32176399230957,23.703306198120117,2.618457794189453
446,26.236247901068793,26.302595615386963,23.681169509887695,2.6214261054992676
447,26.235767464531794,26.23718237876892,23.604204177856445,2.6329782009124756
448,26.224792036268447,26.304131507873535,23.647216796875,2.656914710998535
449,26.247670262654623,26.369507551193237,23.763845443725586,2.6056621074676514
450,26.22609738498264,26.35740828514099,23.769775390625,2.587632894515991
451,26.193756251017252,26.42933416366577,23.821672439575195,2.607661724090576
452,26.240210289849177,26.312699794769287,23.64264678955078,2.670053005218506
453,26.22231415134006,26.236159086227417,23.591272354125977,2.6448867321014404
454,26.214662938435872,26.23727059364319,23.592742919921875,2.6445276737213135
455,26.213956166585287,26.28225064277649,23.635963439941406,2.646287202835083
456,26.20758443535699,26.27778148651123,23.66136932373047,2.6164121627807617
457,26.216468587239582,26.271877765655518,23.647178649902344,2.624699115753174
458,26.191776290893554,26.32625412940979,23.659151077270508,2.6671030521392822
459,26.206950269911026,26.376391410827637,23.69219207763672,2.684199333190918
460,26.170342597113716,26.3630633354187,23.711872100830078,2.651191234588623
461,26.243464984469945,26.19406795501709,23.527772903442383,2.666295051574707
462,26.228647009955512,26.2386314868927,23.583566665649414,2.655064821243286
463,26.2162358924018,26.32280206680298,23.662548065185547,2.6602540016174316
464,26.182218334621854,26.195314645767212,23.555936813354492,2.6393778324127197
465,26.207957205878365,26.329230070114136,23.715822219848633,2.613407850265503
466,26.223373240152995,26.31865930557251,23.661720275878906,2.6569390296936035
467,26.19780076429579,26.33121132850647,23.663829803466797,2.667381525039673
468,26.192558603922524,26.30673336982727,23.69623565673828,2.6104977130889893
469,26.189274171617296,26.289240837097168,23.637922286987305,2.6513185501098633
470,26.20126795111762,26.174169778823853,23.488292694091797,2.6858770847320557
471,26.220381998697917,26.326409339904785,23.692771911621094,2.6336374282836914
472,26.180591457790797,26.262797355651855,23.5869197845459,2.675877571105957
473,26.196733766343858,26.325180292129517,23.642822265625,2.6823580265045166
474,26.157264231363932,26.31936502456665,23.653493881225586,2.6658711433410645
475,26.147386978149413,26.172052145004272,23.525959014892578,2.6460931301116943
476,26.170643697102864,26.2701313495636,23.575008392333984,2.6951229572296143
477,26.191369711981878,26.187220573425293,23.48866081237793,2.6985597610473633
478,26.17886242506239,26.263569593429565,23.605266571044922,2.6583030223846436
479,26.18046383327908,26.25098466873169,23.567052841186523,2.683931827545166
480,26.18707869466146,26.37759256362915,23.640804290771484,2.736788272857666
481,26.1708947007921,26.214213609695435,23.554906845092773,2.659306764602661
482,26.16627658250597,26.25238537788391,23.553565979003906,2.698819398880005
483,26.17036134338379,26.14881920814514,23.514619827270508,2.634199380874634
484,26.160600779215496,26.157856702804565,23.457775115966797,2.7000815868377686
485,26.18539116075304,26.257116556167603,23.501495361328125,2.7556211948394775
486,26.159455142551,26.272658824920654,23.576831817626953,2.695827007293701
487,26.18355244954427,26.139593362808228,23.38869285583496,2.7509005069732666
488,26.164700052897135,26.350831031799316,23.57607650756836,2.774754524230957
489,26.169275763617623,26.209158182144165,23.465036392211914,2.744121789932251
490,26.160814258151586,26.315386295318604,23.57097053527832,2.744415760040283
491,26.15780261739095,26.229918479919434,23.518535614013672,2.7113828659057617
492,26.14260111151801,26.1837956905365,23.48628807067871,2.697507619857788
493,26.13689438205295,26.241371154785156,23.53163719177246,2.7097339630126953
494,26.156932505289713,26.203967571258545,23.53118324279785,2.6727843284606934
495,26.144086430867514,26.247896909713745,23.519399642944336,2.728497266769409
496,26.117589097764757,26.222491979599,23.523086547851562,2.6994054317474365
497,26.138788618299696,26.241760730743408,23.510784149169922,2.7309765815734863
498,26.152398474799263,26.238505840301514,23.494083404541016,2.744422435760498
499,26.170060187445745,26.2261323928833,23.47437858581543,2.751753807067871
500,26.13544723171658,26.379260301589966,23.65827178955078,2.7209885120391846
501,26.137216791788738,26.263609886169434,23.55345344543457,2.7101564407348633
502,26.1479542066786,26.20887327194214,23.464351654052734,2.7445216178894043
503,26.179383817884656,26.20674967765808,23.432106018066406,2.774643659591675
504,26.16408592224121,26.12696933746338,23.373258590698242,2.7537107467651367
505,26.135906458536784,26.260493755340576,23.5086669921875,2.751826763153076
506,26.14820092095269,26.234364986419678,23.512916564941406,2.7214484214782715
507,26.152511976453994,26.30024027824402,23.56591033935547,2.73432993888855
508,26.15669263373481,26.295592784881592,23.592578887939453,2.7030138969421387
509,26.174543863932293,26.181926727294922,23.419492721557617,2.7624340057373047
510,26.118679775661892,26.13892889022827,23.41762351989746,2.7213053703308105
511,26.122734720865886,26.31310749053955,23.543066024780273,2.7700414657592773
512,26.17481613498264,26.253129720687866,23.466527938842773,2.7866017818450928
513,26.172292414347332,26.238807201385498,23.503061294555664,2.735745906829834
514,26.159546832614474,26.25123119354248,23.49177360534668,2.759457588195801
515,26.11599723646376,26.2922580242157,23.564287185668945,2.727970838546753
516,26.124710203382705,26.136625289916992,23.363868713378906,2.772756576538086
517,26.138474317762586,26.06942892074585,23.289236068725586,2.7801928520202637
518,26.151160439385308,26.141181230545044,23.372793197631836,2.768388032913208
519,26.113876793755427,26.25806713104248,23.51607894897461,2.741988182067871
520,26.10079704284668,26.172070741653442,23.413639068603516,2.7584316730499268
521,26.13391027832031,26.148499727249146,23.399497985839844,2.7490017414093018
522,26.14141277058919,26.16148829460144,23.387269973754883,2.7742183208465576
523,26.121883144802517,26.277820587158203,23.545536041259766,2.7322845458984375
524,26.08458420308431,26.11367964744568,23.319570541381836,2.7941091060638428
525,26.112316882663304,26.191372632980347,23.397445678710938,2.793926954269409
526,26.09027111138238,26.132822513580322,23.37684440612793,2.7559781074523926
527,26.117564519246418,26.26651668548584,23.512937545776367,2.7535791397094727
528,26.119301718817816,26.229326486587524,23.44882583618164,2.780500650405884
529,26.128969687567817,26.168423414230347,23.42183494567871,2.7465884685516357
530,26.11543187798394,26.36048698425293,23.57309341430664,2.787393569946289
531,26.114477247450086,26.123186111450195,23.345027923583984,2.778158187866211
532,26.124901373969184,26.270251750946045,23.478872299194336,2.791379451751709
533,26.118930792914497,26.131086349487305,23.32183074951172,2.809255599975586
534,26.102860660129124,26.22546410560608,23.449113845825195,2.776350259780884
535,26.106175721910265,26.128666400909424,23.361927032470703,2.7667393684387207
536,26.110305084228514,26.123514652252197,23.332447052001953,2.791067600250244
537,26.092632675170897,26.161893606185913,23.382282257080078,2.779611349105835
538,26.10900307718913,26.113046169281006,23.30400848388672,2.809037685394287
539,26.113290417141386,26.13320279121399,23.319599151611328,2.813603639602661
540,26.11099011400011,26.238754510879517,23.447450637817383,2.791303873062134
541,26.09595483907064,26.23384141921997,23.455598831176758,2.778242588043213
542,26.105372824774847,26.119621992111206,23.307708740234375,2.811913251876831
543,26.08522485012478,26.17667818069458,23.408662796020508,2.7680153846740723
544,26.10696663072374,26.205275535583496,23.369531631469727,2.8357439041137695
545,26.10934684414334,26.12637162208557,23.329221725463867,2.797149896621704
546,26.07708750745985,26.165030241012573,23.35171127319336,2.813318967819214
547,26.087886912027994,26.137219429016113,23.321548461914062,2.815670967102051
548,26.07598121303982,26.086621046066284,23.246274948120117,2.840346097946167
549,26.087842968410914,26.179877042770386,23.313114166259766,2.86676287651062
550,26.08554711066352,26.164316415786743,23.334802627563477,2.8295137882232666
551,26.056511447482638,26.12834072113037,23.355453491210938,2.7728872299194336
552,26.090352166069877,26.128684520721436,23.306339263916016,2.82234525680542
553,26.10856073506673,26.028836727142334,23.201152801513672,2.827683925628662
554,26.062086044311524,26.127053022384644,23.28525161743164,2.841801404953003
555,26.073608754475913,26.214041233062744,23.3697509765625,2.844290256500244
556,26.076812689887152,26.115811109542847,23.26848030090332,2.8473308086395264
557,26.11849001566569,26.168691635131836,23.32143211364746,2.847259521484375
558,26.08009735446506,26.05732750892639,23.208219528198242,2.8491079807281494
559,26.073972159491646,26.16454553604126,23.224422454833984,2.9401230812072754
560,26.055805438571507,26.1053409576416,23.249216079711914,2.8561248779296875
561,26.060036161634656,26.123679399490356,23.270328521728516,2.853350877761841
562,26.0696374613444,26.185221672058105,23.383533477783203,2.8016881942749023
563,26.071645499335396,26.035717487335205,23.19675064086914,2.8389668464660645
564,26.105455688476564,26.0987868309021,23.269798278808594,2.828988552093506
565,26.067399488661025,26.180007696151733,23.339738845825195,2.840268850326538
566,26.070371070014104,26.116589784622192,23.270029067993164,2.8465607166290283
567,26.077909359402128,26.187303066253662,23.30786895751953,2.879434108734131
568,26.04978512064616,26.090075492858887,23.196884155273438,2.893191337585449
569,26.074032960679794,26.209001779556274,23.374181747436523,2.834820032119751
570,26.05569653828939,26.091789484024048,23.28750991821289,2.8042795658111572
571,26.0529678056505,26.12409996986389,23.29570770263672,2.828392267227173
572,26.045814473470053,26.165363311767578,23.292617797851562,2.8727455139160156
573,26.077217329237197,26.12953495979309,23.281707763671875,2.847827196121216
574,26.0594016011556,26.076383352279663,23.171146392822266,2.9052369594573975
575,26.08020142957899,26.173168420791626,23.317548751831055,2.8556196689605713
576,26.054239452785914,26.061737537384033,23.150833129882812,2.9109044075012207
577,26.060387939453125,26.205868005752563,23.344860076904297,2.8610079288482666
578,26.06265926784939,26.17164421081543,23.274269104003906,2.8973751068115234
579,26.029755735609267,26.19651222229004,23.381267547607422,2.815244674682617
580,26.024352569580078,26.157572507858276,23.334083557128906,2.82348895072937
581,26.040092124091256,26.11181664466858,23.217466354370117,2.894350290298462
582,26.060653869628908,26.15110731124878,23.28179168701172,2.8693156242370605
583,26.03664020114475,26.1681911945343,23.315956115722656,2.8522350788116455
584,26.063047483656142,26.21829605102539,23.356332778930664,2.8619632720947266
585,26.05594393412272,26.217883825302124,23.29036521911621,2.927518606185913
586,26.025781192355687,26.162890672683716,23.29999351501465,2.8628971576690674
587,26.05176792738173,26.07812762260437,23.170778274536133,2.9073493480682373
588,26.037196400960287,26.150019884109497,23.25901985168457,2.8910000324249268
589,26.0644183400472,26.12576937675476,23.283660888671875,2.8421084880828857
590,26.033964243570964,26.184245109558105,23.301727294921875,2.8825178146362305
591,26.02406995476617,26.20971417427063,23.389511108398438,2.8202030658721924
592,26.040580605400933,26.11553716659546,23.222793579101562,2.8927435874938965
593,26.021973359849717,26.118715524673462,23.18023681640625,2.938478708267212
594,26.02940121459961,26.15644097328186,23.254375457763672,2.9020655155181885
595,26.02654734802246,26.026238918304443,23.136497497558594,2.8897414207458496
596,26.021779646131726,26.052077293395996,23.17576026916504,2.876317024230957
597,26.027185609605578,26.13105034828186,23.21617317199707,2.91487717628479
598,26.065206022474502,26.077576160430908,23.18278694152832,2.894789218902588
599,26.00507480875651,25.911908388137817,23.02576446533203,2.886143922805786
600,26.056626385158964,26.069535493850708,23.16962242126465,2.8999130725860596
601,26.016655327690973,26.10579824447632,23.13544273376465,2.97035551071167
602,26.00221203443739,26.034411191940308,23.12144660949707,2.9129645824432373
603,26.055248338487413,26.096617221832275,23.151329040527344,2.9452881813049316
604,25.975591149224176,25.98983335494995,23.121109008789062,2.8687243461608887
605,26.003192308213976,26.062031745910645,23.176979064941406,2.8850526809692383
606,26.060693793402777,26.11890196800232,23.215599060058594,2.9033029079437256
607,26.034317370944553,26.1632661819458,23.249792098999023,2.9134740829467773
608,26.069039408365885,26.050649642944336,23.13307762145996,2.917572021484375
609,26.010147893269856,26.184098720550537,23.26132583618164,2.9227728843688965
610,26.042988401624893,26.045007467269897,23.110958099365234,2.934049367904663
611,26.015193903605144,26.06052041053772,23.177017211914062,2.8835031986236572
612,26.00668931749132,25.996190786361694,23.09241485595703,2.903775930404663
613,26.003654593573675,26.05836248397827,23.099525451660156,2.9588370323181152
614,26.01398646036784,26.059046506881714,23.144947052001953,2.9140994548797607
615,26.006924440171982,26.147910594940186,23.272497177124023,2.875413417816162
616,26.02186316596137,26.094067811965942,23.18376350402832,2.910304307937622
617,26.002101587931314,26.09057903289795,23.22583770751953,2.864741325378418
618,26.027539857652453,26.016476154327393,23.03098487854004,2.9854912757873535
619,26.013382520887586,26.103469133377075,23.140384674072266,2.9630844593048096
620,26.022842041015625,26.124470949172974,23.181665420532227,2.942805528640747
621,25.976425403171117,26.08928155899048,23.188676834106445,2.900604724884033
622,25.97103640238444,26.260413646697998,23.386735916137695,2.8736777305603027
623,26.00800279405382,26.03941297531128,23.097135543823242,2.942277431488037
624,26.00410094197591,26.0158212184906,23.06031036376953,2.9555108547210693
625,25.997049747043185,26.058655738830566,23.10732650756836,2.951329231262207
626,26.015213745117187,26.037175178527832,23.078601837158203,2.958573341369629
627,25.976500861273873,26.06907296180725,23.17108154296875,2.897991418838501
628,26.009552251180015,26.14128875732422,23.201662063598633,2.939626693725586
629,26.012280127631293,26.174001693725586,23.18791961669922,2.986082077026367
630,25.98897255452474,26.052569150924683,23.11203384399414,2.940535306930542
631,25.94794095357259,26.00837993621826,23.063203811645508,2.945176124572754
632,26.01194147237142,26.096718549728394,23.090797424316406,3.0059211254119873
633,26.03348541429308,26.06387162208557,23.07602310180664,2.9878485202789307
634,25.972432893541125,26.11045551300049,23.158966064453125,2.9514894485473633
635,25.990898345947265,25.97672438621521,23.022830963134766,2.9538934230804443
636,25.98859229024251,26.078157424926758,23.12381362915039,2.954343795776367
637,25.9702568681505,26.044799089431763,23.124608993530273,2.9201900959014893
638,25.94556940375434,25.927862405776978,22.999391555786133,2.9284708499908447
639,25.973327543470596,26.138090133666992,23.20433235168457,2.933757781982422
640,26.01001626925998,26.138241291046143,23.168540954589844,2.969700336456299
641,25.963444917466905,26.0625262260437,23.125961303710938,2.9365649223327637
642,25.995379269070096,26.203027486801147,23.249454498291016,2.953572988510132
643,25.98568544514974,26.206034660339355,23.263267517089844,2.9427671432495117
644,25.98489681837294,26.06899857521057,23.121273040771484,2.947725534439087
645,25.98969693332248,26.071760177612305,23.12260627746582,2.9491539001464844
646,25.99770122443305,25.9469633102417,22.937129974365234,3.009833335876465
647,25.99470878431532,25.977799892425537,23.03059959411621,2.947200298309326
648,25.969697090996636,26.123162746429443,23.179115295410156,2.944047451019287
649,25.95945533243815,26.207648038864136,23.263994216918945,2.9436538219451904
650,25.94345435248481,26.079227447509766,23.097640991210938,2.981586456298828
651,25.97132423909505,26.08849549293518,23.099411010742188,2.989084482192993
652,25.959228020562065,26.073513507843018,23.07879066467285,2.994722843170166
653,26.02823095703125,25.98824453353882,22.979928970336914,3.0083155632019043
654,25.95655145263672,26.05928897857666,23.087379455566406,2.971909523010254
655,26.00207655673557,25.949650287628174,22.945568084716797,3.004082202911377
656,26.006756796942817,26.117046356201172,23.098094940185547,3.018951416015625
657,26.027340293036566,26.089008331298828,23.09407615661621,2.994932174682617
658,25.95853357103136,26.15220618247986,23.182086944580078,2.9701192378997803
659,25.98508288913303,25.956881284713745,22.984952926635742,2.971928358078003
660,25.97464358520508,26.07448148727417,23.02681541442871,3.047666072845459
661,25.975874298095704,26.074564456939697,23.097259521484375,2.9773049354553223
662,25.958732630411784,25.9863920211792,23.014625549316406,2.971766471862793
663,25.94583206515842,26.0760817527771,23.111909866333008,2.964171886444092
664,25.942539638943142,25.992469787597656,23.023805618286133,2.9686641693115234
665,25.916573806762695,26.017065286636353,23.08393669128418,2.933128595352173
666,25.931812054104274,26.046236515045166,23.061864852905273,2.9843716621398926
667,25.970383531358507,26.03046941757202,22.990062713623047,3.0404067039489746
668,25.938577123006183,26.07307720184326,23.080286026000977,2.992791175842285
669,25.947463104248047,26.067960023880005,23.10980796813965,2.9581520557403564
670,25.989902438693576,25.980178833007812,22.897001266479492,3.0831775665283203
671,25.93211279296875,25.94585418701172,22.97750473022461,2.9683494567871094
672,25.94948858133952,26.046372175216675,23.076854705810547,2.969517469406128
673,25.936426549275716,26.084409713745117,23.05978012084961,3.024629592895508
674,25.98124281141493,26.101817846298218,23.08311653137207,3.0187013149261475
675,25.98580911593967,26.07077121734619,23.040931701660156,3.029839515686035
676,25.986960476345487,26.054073572158813,23.037322998046875,3.0167505741119385
677,25.952522043863933,26.104422092437744,23.14759635925293,2.9568257331848145
678,25.989350891113283,25.994242906570435,22.93869972229004,3.0555431842803955
679,25.894488794962566,26.074300527572632,23.09615707397461,2.9781434535980225
680,25.922071914672852,25.93770956993103,22.924854278564453,3.012855291366577
681,25.983252217610676,25.945820331573486,22.87496566772461,3.070854663848877
682,25.96533595275879,26.14726710319519,23.164154052734375,2.9831130504608154
683,25.927748541937934,26.052598237991333,23.044414520263672,3.008183717727661
684,25.948727418687607,25.980628490447998,23.023700714111328,2.95692777633667
685,25.937785061306425,26.144806385040283,23.133563995361328,3.011242389678955
686,25.925142483181425,26.06987762451172,23.039215087890625,3.0306625366210938
687,25.949746241251628,26.10804033279419,23.073110580444336,3.0349297523498535
688,25.930500700208874,26.010372161865234,22.973527908325195,3.036844253540039
689,25.922655488755968,26.117998600006104,23.11432456970215,3.003674030303955
690,25.961734883626303,25.90320086479187,22.881227493286133,3.0219733715057373
691,25.940411380343967,26.056493282318115,23.05971908569336,2.996774196624756
692,25.91113229200575,26.020127534866333,22.98077392578125,3.039353609085083
693,25.88415094672309,25.967666625976562,22.94042205810547,3.0272445678710938
694,25.925512551201713,26.085582733154297,23.0340518951416,3.0515308380126953
695,25.93349407450358,25.9850172996521,22.936399459838867,3.0486178398132324
696,25.91988941277398,25.98468565940857,22.973777770996094,3.0109078884124756
697,25.93433263312446,26.035902976989746,22.99616050720215,3.0397424697875977
698,25.922331064860025,25.98185086250305,23.010534286499023,2.9713165760040283
699,25.919800957573784,26.0389142036438,23.06220054626465,2.9767136573791504
700,25.911978349473742,26.12677311897278,23.104562759399414,3.0222103595733643
701,25.91180033026801,26.06396484375,23.00562286376953,3.0583419799804688
702,25.909424187554254,25.943793058395386,22.898418426513672,3.045374631881714
703,25.963705412122938,25.98319363594055,22.882360458374023,3.1008331775665283
704,25.892448221842447,26.06478500366211,23.011184692382812,3.053600311279297
705,25.92426165262858,26.120134353637695,23.100723266601562,3.019411087036133
706,25.91261548699273,25.925782442092896,22.910812377929688,3.014970064163208
707,25.92696765814887,25.95642638206482,22.943696975708008,3.0127294063568115
708,25.919010615030924,25.909965991973877,22.81728172302246,3.092684268951416
709,25.911001237657334,25.93656897544861,22.897300720214844,3.0392682552337646
710,25.923395848592122,25.98281455039978,22.92319679260254,3.059617757797241
711,25.893294867621528,26.03908133506775,23.031356811523438,3.0077245235443115
712,25.88510017903646,26.019288778305054,22.97646141052246,3.0428273677825928
713,25.878095570882163,25.987952947616577,22.92520523071289,3.0627477169036865
714,25.899239137437608,25.974046230316162,22.911104202270508,3.0629420280456543
715,25.909073944091798,25.979093313217163,22.986249923706055,2.9928433895111084
716,25.92833466084798,26.115790128707886,23.05495262145996,3.060837507247925
717,25.888807708740234,26.065770864486694,23.061878204345703,3.003892660140991
718,25.912745763142905,25.99690842628479,22.97652244567871,3.020385980606079
719,25.897920074462892,25.98179054260254,22.880168914794922,3.101621627807617
720,25.913748965793186,26.113766193389893,23.063129425048828,3.0506367683410645
721,25.92888347201877,26.031781435012817,22.947893142700195,3.083888292312622
722,25.906014419555664,26.001916646957397,22.899433135986328,3.1024835109710693
723,25.885135070800782,25.937302589416504,22.83885955810547,3.098443031311035
724,25.90625432671441,26.009129285812378,22.885059356689453,3.124069929122925
725,25.886941328260633,26.01226830482483,22.9679012298584,3.0443670749664307
726,25.896276343451607,26.058478116989136,22.994140625,3.0643374919891357
727,25.87460780504015,25.897318363189697,22.789003372192383,3.1083149909973145
728,25.88216135152181,26.083322286605835,22.996849060058594,3.086473226547241
729,25.918833825005425,25.971604824066162,22.90406036376953,3.067544460296631
730,25.896418753729925,26.033562898635864,22.899723052978516,3.1338398456573486
731,25.873356440226235,26.088554859161377,23.02374267578125,3.064812183380127
732,25.89568163723416,26.06104564666748,22.954587936401367,3.1064577102661133
733,25.872397684733073,25.99777913093567,22.935840606689453,3.061938524246216
734,25.908792692396375,26.027462482452393,22.991479873657227,3.035982608795166
735,25.889932739257812,26.033365726470947,22.95055389404297,3.0828118324279785
736,25.875090645684136,25.947608709335327,22.848421096801758,3.0991876125335693
737,25.894671783447265,25.93701672554016,22.810516357421875,3.126500368118286
738,25.885987497965495,26.052536010742188,22.949419021606445,3.103116989135742
739,25.88164026896159,26.080285787582397,22.965517044067383,3.1147687435150146
740,25.890559226142035,26.006367921829224,22.911840438842773,3.09452748298645
741,25.903779471503363,25.930781841278076,22.828109741210938,3.1026721000671387
742,25.86764480082194,25.91693902015686,22.849510192871094,3.0674288272857666
743,25.868528042263456,26.06119441986084,22.953794479370117,3.1073999404907227
744,25.878229076809355,25.919299840927124,22.828622817993164,3.09067702293396
745,25.863298646714952,25.85094952583313,22.77997589111328,3.0709736347198486
746,25.887440338134766,25.964383363723755,22.853649139404297,3.110734224319458
747,25.904731236775717,25.97006058692932,22.88344955444336,3.086611032485962
748,25.873188061184354,25.980648517608643,22.894739151000977,3.085909366607666
749,25.83833898078071,25.97244095802307,22.859163284301758,3.1132776737213135
750,25.853807154337566,25.976037979125977,22.839008331298828,3.1370296478271484
751,25.85333920457628,26.00652575492859,22.879711151123047,3.126814603805542
752,25.85747354804145,25.981212854385376,22.871145248413086,3.11006760597229
753,25.860258092244464,25.977879762649536,22.912200927734375,3.065678834915161
754,25.871915513780383,25.947649240493774,22.870983123779297,3.0766661167144775
755,25.8723416273329,25.980949878692627,22.819128036499023,3.1618218421936035
756,25.884133277045358,25.760982275009155,22.672029495239258,3.0889527797698975
757,25.878755949232314,25.976978540420532,22.818628311157227,3.1583502292633057
758,25.88456888326009,25.86098623275757,22.733304977416992,3.127681255340576
759,25.871600879245335,25.915830373764038,22.81166648864746,3.104163885116577
760,25.85826458231608,25.997512817382812,22.8685359954834,3.128976821899414
761,25.82979288736979,25.986762762069702,22.91270637512207,3.074056386947632
762,25.857551615397135,25.986920833587646,22.90328598022461,3.083634853363037
763,25.8602528974745,25.931389093399048,22.79054069519043,3.140848398208618
764,25.854885767618814,25.80121684074402,22.685932159423828,3.1152846813201904
765,25.80434982977973,26.022144556045532,22.919538497924805,3.1026060581207275
766,25.844959081013997,25.960262537002563,22.801790237426758,3.1584722995758057
767,25.831806923760308,25.940558910369873,22.832611083984375,3.107947826385498
768,25.879258780585396,25.862420797348022,22.722930908203125,3.1394898891448975
769,25.884235497368707,25.88880467414856,22.744213104248047,3.1445915699005127
770,25.841919026692707,25.97800636291504,22.81952476501465,3.1584815979003906
771,25.825524134318034,25.951183795928955,22.81136703491211,3.1398167610168457
772,25.840191804673935,25.967678546905518,22.84026527404785,3.127413272857666
773,25.888124455769855,25.981080532073975,22.84140396118164,3.139676570892334
774,25.838097630818684,25.998435497283936,22.867578506469727,3.130856990814209
775,25.83146423678928,25.966290712356567,22.835660934448242,3.130629777908325
776,25.838245005289714,26.023355722427368,22.89092254638672,3.1324331760406494
777,25.873921510484482,25.909225463867188,22.79357147216797,3.1156539916992188
778,25.839897240532768,25.97626042366028,22.79785919189453,3.178401231765747
779,25.84379746839735,25.9487144947052,22.825220108032227,3.1234943866729736
780,25.885888020833335,25.945645332336426,22.801103591918945,3.1445417404174805
781,25.882507505628798,25.905876398086548,22.770599365234375,3.135277032852173
782,25.84767926534017,25.992053985595703,22.881717681884766,3.1103363037109375
783,25.851022879706488,26.03926920890808,22.897441864013672,3.141827344894409
784,25.825859868367512,25.928285837173462,22.82246971130371,3.105816125869751
785,25.831006863064236,25.868686199188232,22.718727111816406,3.149959087371826
786,25.830115980360244,26.028018712997437,22.877361297607422,3.1506574153900146
787,25.834640948825413,25.976807355880737,22.833934783935547,3.1428725719451904
788,25.830682957967124,25.998424291610718,22.879343032836914,3.1190812587738037
789,25.844694568210176,25.908936262130737,22.714786529541016,3.1941497325897217
790,25.829713726467556,25.971643924713135,22.771188735961914,3.2004551887512207
791,25.846605414496526,25.924802780151367,22.802093505859375,3.122709274291992
792,25.817843788994683,25.92997431755066,22.768035888671875,3.161938428878784
793,25.836197614881726,25.865118980407715,22.707901000976562,3.1572179794311523
794,25.812142584906685,25.940860509872437,22.809734344482422,3.1311261653900146
795,25.83830453830295,25.945425987243652,22.770097732543945,3.175328254699707
796,25.836975997924803,25.897095203399658,22.7491455078125,3.147949695587158
797,25.846496085272896,25.997849702835083,22.85993003845215,3.1379196643829346
798,25.8569977077908,25.909180641174316,22.68580436706543,3.2233762741088867
799,25.83307527838813,25.851832151412964,22.722259521484375,3.129572629928589
800,25.81809627278646,25.96165418624878,22.794626235961914,3.1670279502868652
801,25.795529781765406,25.996032238006592,22.843177795410156,3.1528544425964355
802,25.841984185112846,26.037243843078613,22.905668258666992,3.131575584411621
803,25.844053078545464,25.839474201202393,22.69845199584961,3.141022205352783
804,25.818634155273436,25.974552154541016,22.83610725402832,3.1384449005126953
805,25.827400112575955,26.03440546989441,22.8668212890625,3.167584180831909
806,25.84471977742513,25.914916276931763,22.733274459838867,3.1816418170928955
807,25.794609259711372,25.946535348892212,22.795629501342773,3.1509058475494385
808,25.822784388224285,25.855464458465576,22.65651512145996,3.1989493370056152
809,25.83079039171007,25.84796142578125,22.69989585876465,3.1480655670166016
810,25.861326212565103,25.90285849571228,22.701698303222656,3.201160192489624
811,25.85105362786187,25.929089069366455,22.769737243652344,3.1593518257141113
812,25.831336917453342,25.86973261833191,22.6845760345459,3.1851565837860107
813,25.796459548950196,25.904189825057983,22.749303817749023,3.15488600730896
814,25.7933614976671,25.941484928131104,22.8145694732666,3.126915454864502
815,25.789921332465276,25.944812536239624,22.802852630615234,3.1419599056243896
816,25.780623382568358,25.867350816726685,22.69770622253418,3.169644594192505
817,25.79025030348036,25.89355230331421,22.693302154541016,3.2002501487731934
818,25.789051025390624,25.96510601043701,22.808988571166992,3.1561174392700195
819,25.800812004937065,25.856810808181763,22.682838439941406,3.1739723682403564
820,25.798315721299915,25.890700101852417,22.63607406616211,3.2546260356903076
821,25.844727801852756,25.787046670913696,22.63530921936035,3.1517374515533447
822,25.78945556979709,25.93130135536194,22.78744125366211,3.143860101699829
823,25.80360285780165,25.99534797668457,22.81281280517578,3.182535171508789
824,25.79174218580458,25.879608392715454,22.702613830566406,3.176994562149048
825,25.804813330756293,25.895129919052124,22.740192413330078,3.154937505722046
826,25.812677527533637,25.856730699539185,22.68316078186035,3.173569917678833
827,25.786916007147894,25.86643099784851,22.643211364746094,3.223219633102417
828,25.818069597032334,25.82058048248291,22.604965209960938,3.2156152725219727
829,25.75185225423177,25.886464595794678,22.695650100708008,3.19081449508667
830,25.789371729532878,25.90000057220459,22.679391860961914,3.220608711242676
831,25.77527188958062,25.78042244911194,22.572689056396484,3.207733392715454
832,25.788062925550673,25.950308561325073,22.790433883666992,3.159874677658081
833,25.80575457763672,25.808617115020752,22.60512351989746,3.203493595123291
834,25.78693019104004,25.899599075317383,22.664094924926758,3.235504150390625
835,25.78671622890896,25.80544686317444,22.58264923095703,3.2227976322174072
836,25.781699869791666,25.927303075790405,22.77066421508789,3.1566388607025146
837,25.759209501478406,25.80720853805542,22.579126358032227,3.2280821800231934
838,25.79296375020345,25.95890784263611,22.755475997924805,3.2034318447113037
839,25.791149541219074,25.90727138519287,22.688642501831055,3.2186288833618164
840,25.733362753974067,25.86074662208557,22.739164352416992,3.121582269668579
841,25.80588896009657,25.929051399230957,22.685176849365234,3.2438745498657227
842,25.79058246866862,25.81382131576538,22.628101348876953,3.1857199668884277
843,25.78966390991211,25.817586183547974,22.64110565185547,3.176480531692505
844,25.819807439168294,25.848265886306763,22.600666046142578,3.2475998401641846
845,25.77390427822537,25.886495351791382,22.66081428527832,3.2256810665130615
846,25.78634787326389,25.917993307113647,22.711158752441406,3.206834554672241
847,25.78275057135688,25.854525566101074,22.64243507385254,3.212090492248535
848,25.75235355122884,25.96946954727173,22.72051239013672,3.2489571571350098
849,25.756313835991755,25.822154760360718,22.644454956054688,3.1776998043060303
850,25.81584747144911,25.904809713363647,22.68901252746582,3.215797185897827
851,25.776591901991104,25.770009756088257,22.560476303100586,3.209533452987671
852,25.75289314778646,25.86616849899292,22.694828033447266,3.1713404655456543
853,25.769428831312393,25.87252187728882,22.630502700805664,3.2420191764831543
854,25.78780397881402,25.935208320617676,22.744823455810547,3.190384864807129
855,25.81421954006619,25.792126893997192,22.555322647094727,3.236804246902466
856,25.770151777479384,25.890706539154053,22.665632247924805,3.225074291229248
